INSERT INTO book (id, name) VALUES ('1', 'Trading_book_1');
INSERT INTO book (id, name) VALUES ('2', 'Trading_book_2');
INSERT INTO book (id, name) VALUES ('3', 'Trading_book_3');
INSERT INTO book (id, name) VALUES ('4', 'Trading_book_4');
INSERT INTO book (id, name) VALUES ('5', 'Trading_book_6');
INSERT INTO counterparty (id, name) VALUES ('1', 'TEMASEK FINL I LTD');
INSERT INTO counterparty (id, name) VALUES ('2', 'BNPParibas');
INSERT INTO counterparty (id, name) VALUES ('3', 'First Norway Alpha Kl.IV');
INSERT INTO counterparty (id, name) VALUES ('4', 'UBS');
INSERT INTO counterparty (id, name) VALUES ('5', 'HM Treasury United Kingdon');
INSERT INTO counterparty (id, name) VALUES ('6', 'Airbus');
INSERT INTO counterparty (id, name) VALUES ('7', 'Amazon');
INSERT INTO security (isin, cusip, issuer_name, maturity_date, coupon, type, face_value, currency, status) VALUES ('XS1988387210', '', 'BNPParibas', '2021-08-05', '4.37', 'CORP', '1000', 'USD', 'active');
INSERT INTO security (isin, cusip, issuer_name, maturity_date, coupon, type, face_value, currency, status) VALUES ('XS1988387210', '', 'BNPParibas', '2021-08-05', '4.37', 'CORP', '1000', 'GBP', 'active');
INSERT INTO security (isin, cusip, issuer_name, maturity_date, coupon, type, face_value, currency, status) VALUES ('USN0280EAR64', '123456780', 'Airbus', '2021-07-30', '3.15', 'CORP', '900', 'USD', 'active');
INSERT INTO security (isin, cusip, issuer_name, maturity_date, coupon, type, face_value, currency, status) VALUES ('USN0280EAR64', '123456780', 'Airbus', '2021-07-30', '3.15', 'CORP', '900', 'GBP', 'active');
INSERT INTO security (isin, cusip, issuer_name, maturity_date, coupon, type, face_value, currency, status) VALUES ('A12356111', '123456bh0', 'UBS', '2021-09-30', '2', 'CORP', '900', 'USD', 'active');
INSERT INTO security (isin, cusip, issuer_name, maturity_date, coupon, type, face_value, currency, status) VALUES ('USU02320AG12', 'AMZNREGS', 'Amazon', '2021-08-03', '3.15', 'CORP', '900', 'GBP', 'active');
INSERT INTO security (isin, cusip, issuer_name, maturity_date, coupon, type, face_value, currency, status) VALUES ('USU02320AG12', 'AMZNREGS', 'Amazon', '2021-08-03', '3.15', 'CORP', '900', 'USD', 'active');
INSERT INTO security (isin, cusip, issuer_name, maturity_date, coupon, type, face_value, currency, status) VALUES ('GB00B6460505', 'BDCHBW8', 'HM Treasury United Kingdon', '2021-08-09', '0.75', 'GOVN', '900', 'GBP', 'active');
INSERT INTO security (isin, cusip, issuer_name, maturity_date, coupon, type, face_value, currency, status) VALUES ('GB00B6460506', 'BDCHBW8', 'HM Treasury United Kingdon', '2021-08-09', '0.75', 'GOVN', '900', 'GBP', 'active');
INSERT INTO security (isin, cusip, issuer_name, maturity_date, coupon, type, face_value, currency, status) VALUES ('GB00B6460507', 'BDCHBW8', 'HM Treasury United Kingdon', '2021-08-09', '0.75', 'GOVN', '900', 'GBP', 'active');
INSERT INTO security (isin, cusip, issuer_name, maturity_date, coupon, type, face_value, currency, status) VALUES ('GB00B6460508', 'BDCHBW8', 'HM Treasury United Kingdon', '2021-08-09', '0.75', 'GOVN', '900', 'GBP', 'active');
INSERT INTO security (isin, cusip, issuer_name, maturity_date, coupon, type, face_value, currency, status) VALUES ('GB00B6460509', 'BDCHBW8', 'HM Treasury United Kingdon', '2021-08-09', '0.75', 'GOVN', '900', 'GBP', 'active');
INSERT INTO security (isin, cusip, issuer_name, maturity_date, coupon, type, face_value, currency, status) VALUES ('GB00B6460510', 'BDCHBW8', 'HM Treasury United Kingdon', '2021-08-09', '0.75', 'GOVN', '900', 'GBP', 'active');
INSERT INTO security (isin, cusip, issuer_name, maturity_date, coupon, type, face_value, currency, status) VALUES ('GB00B6460511', 'BDCHBW8', 'HM Treasury United Kingdon', '2021-08-09', '0.75', 'GOVN', '900', 'GBP', 'active');
INSERT INTO security (isin, cusip, issuer_name, maturity_date, coupon, type, face_value, currency, status) VALUES ('GB00B6460512', 'BDCHBW8', 'HM Treasury United Kingdon', '2021-08-09', '0.75', 'GOVN', '900', 'GBP', 'active');
INSERT INTO security (isin, cusip, issuer_name, maturity_date, coupon, type, face_value, currency, status) VALUES ('GB00B6460513', 'BDCHBW8', 'HM Treasury United Kingdon', '2021-08-09', '0.75', 'GOVN', '900', 'GBP', 'active');
INSERT INTO security (isin, cusip, issuer_name, maturity_date, coupon, type, face_value, currency, status) VALUES ('GB00B6460514', 'BDCHBW8', 'HM Treasury United Kingdon', '2021-08-09', '0.75', 'GOVN', '900', 'GBP', 'active');
INSERT INTO security (isin, cusip, issuer_name, maturity_date, coupon, type, face_value, currency, status) VALUES ('GB00B6460515', 'BDCHBW8', 'HM Treasury United Kingdon', '2021-08-09', '0.75', 'GOVN', '900', 'GBP', 'active');
INSERT INTO security (isin, cusip, issuer_name, maturity_date, coupon, type, face_value, currency, status) VALUES ('US87973RAA86', '87973RAA8', 'TEMASEK FINL I LTD', '2021-08-06', '2.02', 'SOVN', '690', 'USD', 'active');
INSERT INTO security (isin, cusip, issuer_name, maturity_date, coupon, type, face_value, currency, status) VALUES ('IE00B29LNP31', '87973RAA8', 'First Norway Alpha Kl.IV', '2030-12-22', '1.123', 'SOVN', '340', 'USD', 'active');
INSERT INTO trade (book_id, security_id, counterparty_id, currency, status, quantity, unit_price, buy_sell, trade_date, settlement_date) VALUES ('1', '2', '2', 'USD', 'active', '50', '90', 'buy', '2021-05-13', '2021-08-04');
INSERT INTO trade (book_id, security_id, counterparty_id, currency, status, quantity, unit_price, buy_sell, trade_date, settlement_date) VALUES ('1', '2', '2', 'GBP', 'active', '40', '89.56', 'sell', '2021-02-04', '2021-08-04');
INSERT INTO trade (book_id, security_id, counterparty_id, currency, status, quantity, unit_price, buy_sell, trade_date, settlement_date) VALUES ('2', '4', '6', 'USD', 'active', '1000', '105.775', 'buy', '2021-05-13', '2021-08-23');
INSERT INTO trade (book_id, security_id, counterparty_id, currency, status, quantity, unit_price, buy_sell, trade_date, settlement_date) VALUES ('2', '4', '6', 'GBP', 'active', '900', '105.775', 'sell', '2021-02-04', '2021-09-10');
INSERT INTO trade (book_id, security_id, counterparty_id, currency, status, quantity, unit_price, buy_sell, trade_date, settlement_date) VALUES ('3', '5', '4', 'USD', 'active', '50', '90', 'buy', '2021-05-13', '2021-08-23');
INSERT INTO trade (book_id, security_id, counterparty_id, currency, status, quantity, unit_price, buy_sell, trade_date, settlement_date) VALUES ('2', '4', '6', 'USD', 'active', '1000', '105.775', 'buy', '2021-05-13', '2021-08-23');
INSERT INTO trade (book_id, security_id, counterparty_id, currency, status, quantity, unit_price, buy_sell, trade_date, settlement_date) VALUES ('2', '5', '4', 'USD', 'active', '50', '90', 'sell', '2021-05-13', '2021-08-23');
INSERT INTO trade (book_id, security_id, counterparty_id, currency, status, quantity, unit_price, buy_sell, trade_date, settlement_date) VALUES ('4', '7', '7', 'GBP', 'active', '60', '98.56', 'buy', '2021-02-04', '2021-09-27');
INSERT INTO trade (book_id, security_id, counterparty_id, currency, status, quantity, unit_price, buy_sell, trade_date, settlement_date) VALUES ('4', '7', '7', 'USD', 'active', '50', '98.56', 'buy', '2021-08-23', '2021-08-23');
INSERT INTO trade (book_id, security_id, counterparty_id, currency, status, quantity, unit_price, buy_sell, trade_date, settlement_date) VALUES ('5', '8', '5', 'GBP', 'active', '1100', '110.35', 'buy', '2021-09-27', '2021-09-27');
INSERT INTO trade (book_id, security_id, counterparty_id, currency, status, quantity, unit_price, buy_sell, trade_date, settlement_date) VALUES ('5', '9', '5', 'GBP', 'active', '900', '110.35', 'sell', '2021-09-28', '2021-09-28');
INSERT INTO trade (book_id, security_id, counterparty_id, currency, status, quantity, unit_price, buy_sell, trade_date, settlement_date) VALUES ('5', '10', '5', 'GBP', 'active', '2000', '110.35', 'buy', '2021-09-29', '2021-09-29');
INSERT INTO trade (book_id, security_id, counterparty_id, currency, status, quantity, unit_price, buy_sell, trade_date, settlement_date) VALUES ('5', '11', '5', 'GBP', 'active', '2000', '110.35', 'sell', '2021-09-30', '2021-09-30');
INSERT INTO trade (book_id, security_id, counterparty_id, currency, status, quantity, unit_price, buy_sell, trade_date, settlement_date) VALUES ('5', '12', '5', 'GBP', 'active', '1000', '110.35', 'buy', '2021-10-01', '2021-10-01');
INSERT INTO trade (book_id, security_id, counterparty_id, currency, status, quantity, unit_price, buy_sell, trade_date, settlement_date) VALUES ('5', '13', '5', 'GBP', 'active', '900', '110.35', 'buy', '2019-10-02', '2019-10-02');
INSERT INTO trade (book_id, security_id, counterparty_id, currency, status, quantity, unit_price, buy_sell, trade_date, settlement_date) VALUES ('5', '14', '5', 'GBP', 'active', '1900', '110.35', 'sell', '2019-10-03', '2019-10-03');
INSERT INTO trade (book_id, security_id, counterparty_id, currency, status, quantity, unit_price, buy_sell, trade_date, settlement_date) VALUES ('5', '15', '5', 'GBP', 'active', '600', '110.35', 'buy', '2018-10-04', '2018-10-04');
INSERT INTO trade (book_id, security_id, counterparty_id, currency, status, quantity, unit_price, buy_sell, trade_date, settlement_date) VALUES ('5', '16', '5', 'GBP', 'active', '600', '110.35', 'buy', '2019-10-05', '2019-10-05');
INSERT INTO trade (book_id, security_id, counterparty_id, currency, status, quantity, unit_price, buy_sell, trade_date, settlement_date) VALUES ('5', '17', '5', 'GBP', 'active', '700', '110.35', 'buy', '2021-06-06', '2021-06-06');
INSERT INTO trade (book_id, security_id, counterparty_id, currency, status, quantity, unit_price, buy_sell, trade_date, settlement_date) VALUES ('5', '18', '5', 'GBP', 'active', '1300', '110.35', 'sell', '2011-10-07', '2021-10-07');
INSERT INTO trade (book_id, security_id, counterparty_id, currency, status, quantity, unit_price, buy_sell, trade_date, settlement_date) VALUES ('4', '19', '1', 'USD', 'active', '60', '100.13', 'buy', '2012-02-04', '2021-09-27');
INSERT INTO trade (book_id, security_id, counterparty_id, currency, status, quantity, unit_price, buy_sell, trade_date, settlement_date) VALUES ('4', '19', '1', 'USD', 'active', '50', '100.13', 'buy', '2012-08-23', '2021-08-23');
INSERT INTO trade (book_id, security_id, counterparty_id, currency, status, quantity, unit_price, buy_sell, trade_date, settlement_date) VALUES ('4', '19', '1', 'USD', 'active', '75', '100.13', 'buy', '2013-02-04', '2021-09-27');
INSERT INTO trade (book_id, security_id, counterparty_id, currency, status, quantity, unit_price, buy_sell, trade_date, settlement_date) VALUES ('4', '19', '1', 'USD', 'active', '50', '100.13', 'buy', '2014-08-23', '2021-08-23');
INSERT INTO trade (book_id, security_id, counterparty_id, currency, status, quantity, unit_price, buy_sell, trade_date, settlement_date) VALUES ('4', '20', '3', 'USD', 'active', '300', '98.76', 'buy', '2016-02-04', '2021-09-27');
INSERT INTO trade (book_id, security_id, counterparty_id, currency, status, quantity, unit_price, buy_sell, trade_date, settlement_date) VALUES ('4', '20', '3', 'USD', 'active', '300', '98.76', 'buy', '2012-08-23', '2021-08-23');
INSERT INTO trade (book_id, security_id, counterparty_id, currency, status, quantity, unit_price, buy_sell, trade_date, settlement_date) VALUES ('4', '20', '3', 'USD', 'active', '300', '98.76', 'buy', '2013-02-04', '2021-09-27');
INSERT INTO trade (book_id, security_id, counterparty_id, currency, status, quantity, unit_price, buy_sell, trade_date, settlement_date) VALUES ('4', '20', '3', 'USD', 'active', '300', '98.76', 'sell', '2015-08-23', '2021-08-23');
INSERT INTO users (id, email, password, role, username) VALUES (1, 'aa', '$2a$12$ueybLK1Wxn1uu2W8PYhHBe/Hj7qEX.3IwnwYRXWSYZGHkiGVdYQnm', 'admin', 'admin');
INSERT INTO book_user (book_id, user_id) VALUES (2, 1);
